EmpresaId,Location,lat,lgn,Description,Type,time,provincia,localidad,calification,BranchType
5714f91d-82ec-e611-80d9-00155d2d0b06|6,Brown 34,-38.48571,-61.8917,BAHIA BLANCA (Cabildo),6,Lunes a Viernes de 08:00 a 13:00 hs.,BA,Bahía Blanca,5,BAHIA BLANCA (Cabildo),
97e0d5aa-44f5-e611-80d9-00155d2d0b06|6,Av. San Martin y Güemes,-33.4766,-60.28854,SAN NICOLAS (General Rojo),6,Lunes a Viernes de 07:00 a 13:00 hs.,BA,SAN NICOLAS DE LOS ARROYOS,5,SAN NICOLAS (General Rojo),
ea088d7a-70ff-e611-80d9-00155d2d0b06|6,Luis María Drago 1900,-38.73571,-62.24641,BAHIA BLANCA (Terminal de Ómnibus),6,Lunes a Viernes de 08:00 a 17:00 hs.,BA,Bahía Blanca,5,BAHIA BLANCA (Terminal de Ómnibus),
62989fc1-3300-e711-80d9-00155d2d0b06|6,Urquiza 120,-43.24865,-65.3031,TRELEW (Terminal de Omnibus),6,Lunes a Viernes de 08:00 a 14:00 hs.,CB,Trelew,5,TRELEW (Terminal de Omnibus),
e5ab8020-941b-e711-80db-00155d2d0b06|6,Leandro N. Alem 657,-34.82089,-58.46475,Centro de Acceso a la Justicia Esteban Echeverría,6,Lunes a Viernes de 09:00 a 11:00 hs.,BA,MONTE GRANDE,5,Centro de Acceso a la Justicia Esteban Echeverría,
5aecaa70-6b44-e711-80dd-00155d2d0b06|6,Godoy y Novella,-38.93462,-68.11727,NEUQUEN (Delegacion Godoy),6,Lunes a Viernes de 07:00 a 13:30 hs.,NQ,Neuquén,5,NEUQUEN (Delegacion Godoy),
f66a75e7-3245-e711-80dd-00155d2d0b06|6,Belgrano 698,-33.157,-60.51226,ARROYO SECO (Concejo Municipal),6,Lunes a Viernes de 08:00 a 13:00 hs.,SF,Arroyo Seco,5,ARROYO SECO (Concejo Municipal),
14e5a0c4-0d46-e711-80dd-00155d2d0b06|6,Calle 494 esquina 15 bis,-34.87995,-58.0228,Centro Comunal Manuel B. Gonnet,6,Lunes a Viernes de 08:00 a 17:00 hs.,BA,MANUEL B. GONNET,5,Centro Comunal Manuel B. Gonnet,
7c33d1e7-0d46-e711-80dd-00155d2d0b06|6,Calle 137 esquina 32,-34.92898,-58.00035,Centro Comunal San Carlos,6,Lunes a Viernes de 08:00 a 17:00 hs.,BA,SAN CARLOS,5,Centro Comunal San Carlos,
f81f2503-0e46-e711-80dd-00155d2d0b06|6,Calle 140 bis Esquina 489,-34.90791,-58.04047,Centro Comunal Joaquín Gorina,6,Lunes a Viernes de 08:00 a 17:00 hs.,BA,Joaquín Gorina,5,Centro Comunal Joaquín Gorina,
a1e2bf2d-0e46-e711-80dd-00155d2d0b06|6,Avenida 25 entre 512 y 513,-34.90102,-58.00917,Centro Comunal José Hernández,6,Lunes a Viernes de 08:00 a 17:00 hs.,BA,JOSÉ HERNÁNDEZ,5,Centro Comunal José Hernández,
65b9464e-0e46-e711-80dd-00155d2d0b06|6,Calle 516 bis entre 210 y 211,-34.98401,-58.09439,Centro Comunal Abasto,6,Lunes a Viernes de 08:00 a 17:00 hs.,BA,ABASTO,5,Centro Comunal Abasto,
3b41a10c-a25a-e711-80dd-00155d2d0b06|6,131 entre 636 y 637,-34.99584,-57.89246,Centro Comunal Arana,6,Lunes a Viernes de 08:00 a 17:00 hs.,BA,Arana,5,Centro Comunal Arana,
671eb36a-a25a-e711-80dd-00155d2d0b06|6,Ruta 2 km 44,5 y 420,-34.93474,-58.17057,Centro Comunal El Peligro,6,Lunes a Viernes de 08:00 a 17:00 hs.,BA,EL PELIGRO,5,Centro Comunal El Peligro,
3d97fecf-a25a-e711-80dd-00155d2d0b06|6,Calle 53 y calle 229,-35.02826,-58.06989,Centro Comunal Angel Etcheverry,6,Lunes a Viernes de 08:00 a 17:00 hs.,BA,Angel Etcheverry,5,Centro Comunal Angel Etcheverry,
c658c323-a35a-e711-80dd-00155d2d0b06|6,Calle 137 e/64 y 65,-34.95311,-57.96805,Centro Comunal Los Hornos,6,Lunes a Viernes de 08:00 a 17:00 hs.,BA,LOS HORNOS,5,Centro Comunal Los Hornos,
891e08d3-a35a-e711-80dd-00155d2d0b06|6,Calle 169 e/ 518 y 519,-34.94799,-58.04891,Centro Comunal Melchor Romero,6,Lunes a Viernes de 08:00 a 17:00 hs.,BA,MELCHOR ROMERO,5,Centro Comunal Melchor Romero,
b6b2f35e-a55a-e711-80dd-00155d2d0b06|6,Calle 25 y 75,-34.95038,-57.94334,Centro Comunal San Lorenzo,6,Lunes a Viernes de 08:00 a 17:00 hs.,BA,LA PLATA,5,Centro Comunal San Lorenzo,
e758e3b2-a55a-e711-80dd-00155d2d0b06|6,Calle 82 e/ 7 y 8,-34.93782,-57.92018,Centro Comunal Villa Elvira,6,Lunes a Viernes de 08:00 a 18:00 hs.,BA,LA PLATA,5,Centro Comunal Villa Elvira,
d181b6db-4862-e711-80dd-00155d2d0b06|6,9 de Julio 520,-27.41777,-59.03724,CHACO (Municipio Fontana),6,Lunes a Viernes de 08:00 a 12:00 hs.,CH,Fontana,5,CHACO (Municipio Fontana),
760f0484-7f65-e711-80dd-00155d2d0b06|6,Mariano Moreno 699,-43.29991,-65.10502,RAWSON (Dependencia Municipal),6,Lunes a Viernes de 09:00 a 16:00 hs.,CB,Rawson,5,RAWSON (Dependencia Municipal),
e5e656c9-5183-e711-80dd-00155d2d0b06|6,Tucuman 260,-33.89131,-60.56039,PERGAMINO (Oficina de Licencias),6,Lunes a Viernes de 07:00 a 14:00 hs.,BA,Pergamino,5,PERGAMINO (Oficina de Licencias),
7cec8953-d993-e711-80de-00155d2d0b06|6,Maestro Martini 554,-43.30384,-65.09678,RAWSON (Terminal de Ómnibus),6,Lunes a Viernes de 09:00 a 16:00 hs.,CB,Rawson,5,RAWSON (Terminal de Ómnibus),
b3520a97-25ad-e711-80de-00155d2d0b06|6,Olavarría 440,-34.63641,-58.35895,Centro de Acceso a la Justicia La Boca,6,Lunes a Viernes de 10:00 a 17:00 hs.,CF,La Boca,5,Centro de Acceso a la Justicia La Boca,
c4076f98-09d5-e711-80de-00155d2d0b06|6,Av. Sarmiento Nº 1195,-27.44147,-58.97592,CHACO (Subsecretaria de transporte),6,Lunes a Viernes de 08:00 a 18:00 hs.,CH,Resistencia,5,CHACO (Subsecretaria de transporte),
920faab0-75de-e711-80de-00155d2d0b06|6,Córdoba 5690,-34.58691,-58.44133,Sede Comunal N° 15,6,Lunes a Viernes de 09:00 a 15:00 hs.,CF,CHACARITA,5,Sede Comunal N° 15,
ed8c2bd7-8b0a-e811-80e1-00155d2d0b0d|6,Alsina 12,-38.71887,-62.26508,BAHIA BLANCA (Barco II),6,Lunes a Viernes de 08:00 a 20:00 hs.,BA,Bahía Blanca,5,BAHIA BLANCA (Barco II),
5c7ca2c1-c140-e711-80dd-00155d2d0b17|6,Salgado 40,-35.18605,-59.09781,Municipalidad de Lobos,6,Lunes a Viernes de 08:00 a 14:00 hs.,BA,LOBOS,5,Municipalidad de Lobos,
9dee6181-804c-e711-80dd-00155d2d0b17|6,O’Higgins 1780,-34.47837,-58.91666,Centro Vecinal Peruzzotti,6,Lunes a Viernes de 08:00 a 15:00 hs.,BA,PILAR,5,Centro Vecinal Peruzzotti,
9617650e-814c-e711-80dd-00155d2d0b17|6,Av. San Jorge 113 esquina Acceso Norte,-34.45267,-58.94648,Centro Vecinal San Francisco,6,Lunes a Viernes de 07:00 a 15:00 hs.,BA,PILAR,5,Centro Vecinal San Francisco,
4f7f514d-814c-e711-80dd-00155d2d0b17|6,Av. Toro y Av. De Mayo,-34.49398,-58.8444,Centro Vecinal Toro,6,Lunes a Viernes de 08:00 a 19:00 hs.,BA,Derqui,5,Centro Vecinal Toro,
38c8dc9f-a04f-e711-80dd-00155d2d0b17|6,MARIANO MORENO 432,-51.62234,-69.22565,RÍO GALLEGOS (Tránsito Municipal R.G),6,Lunes a Viernes de 08:00 a 18:00 hs.,SC,Río Gallegos,5,RÍO GALLEGOS (Tránsito Municipal R.G),
e9789c2c-a05d-e711-80dd-00155d2d0b17|6,Calle 7 Nº 2080 e/511 y 512,-34.88296,-57.99227,Centro Comunal Ringuelet,6,Lunes a Viernes de 08:00 a 17:00 hs.,BA,RINGUELET,5,Centro Comunal Ringuelet,
b922ff6a-1060-e711-80dd-00155d2d0b17|6,Quintana 858,-33.73595,-61.97551,VENADO TUERTO (Terminal Ómnibus),6,Lunes a Viernes de 07:00 a 13:00 hs.,SF,Santa Fe,5,VENADO TUERTO (Terminal Ómnibus),
95e0d31b-d360-e711-80dd-00155d2d0b17|6,Av. 000 entre 19 y 21,-26.78681,-60.43002,CHACO (Sáenz Peña Terminal de Ómnibus),6,Lunes a Viernes de 08:00 a 12:00 hs.,CH,SAENZ PEÑA,5,CHACO (Sáenz Peña Terminal de Ómnibus),
49c86dab-c061-e711-80dd-00155d2d0b17|6,Juan Manuel de Rosas 1102,-27.51749,-58.94072,CHACO (Municipio Puerto Vilelas),6,Lunes a Viernes de 08:00 a 12:30 y de 15:00 a 20:00 hs.,CH,Puerto Vilelas,5,CHACO (Municipio Puerto Vilelas),
5055a26c-d172-e711-80dd-00155d2d0b17|6,Sarmiento 2515,-38.69888,-62.244,BAHIA BLANCA (Plaza Shopping),6,Lunes a Domingos de 10:00 a 22:00 hs.,BA,Bahía Blanca,5,BAHIA BLANCA (Plaza Shopping),
0f0872b4-7d77-e711-80dd-00155d2d0b17|6,Marcelo T. de Alvear 145,-27.44929,-58.98701,CHACO (Casa de Gobierno),6,Lunes a Viernes de 06:30 a 18:00 hs.,CH,Resistencia,5,CHACO (Casa de Gobierno),
48f0acab-a877-e711-80dd-00155d2d0b17|6,M. Biosca 1350,-32.7483,-60.73297,SAN LORENZO (Municipalidad),6,Lunes a Viernes de 07:00 a 13:00 hs.,SF,SAN LORENZO,5,SAN LORENZO (Municipalidad),
cca44598-a977-e711-80dd-00155d2d0b17|6,Juan Domingo Perón 1549,-33.01932,-60.61907,VILLA GOBERNADOR GÁLVEZ (Centro Integrador Municipal),6,Lunes a Viernes de 07:00 a 13:00hs.,SF,Villa Gobernador Gálvez,5,VILLA GOBERNADOR GÁLVEZ (Centro Integrador Municipal),
3496efe1-b977-e711-80dd-00155d2d0b17|6,Sarmiento 1198,-33.00202,-60.7732,PÉREZ (Municipalidad),6,Lunes a Viernes de 07:00 a 13:00 hs.,SF,Pérez,5,PÉREZ (Municipalidad),
64de6d1d-ba77-e711-80dd-00155d2d0b17|6,Angelomé y Ruta 9,-32.92122,-60.81215,FUNES (Dirección de Transito),6,Lunes a Viernes de 07:00 a 15:00 hs.,SF,Funes,5,FUNES (Dirección de Transito),
3c726077-ba77-e711-80dd-00155d2d0b17|6,Estalisnao Lopez 643,-32.89792,-60.90601,ROLDÁN (Delegación Municipal),6,Lunes a Viernes de 08:00 a 13:00 hs.,SF,Roldán,5,ROLDÁN (Delegación Municipal),
a0efcf8f-787b-e711-80dd-00155d2d0b17|6,Gral. Villegas y Cnel. Díaz,-40.16013,-71.35674,SAN MARTÍN DE LOS ANDES (Terminal de Ómnibus),6,Lunes a Viernes de 08:00 a 14:00 hs.,NQ,San Martín de los Andes,5,SAN MARTÍN DE LOS ANDES (Terminal de Ómnibus),
2e99a0ba-977b-e711-80dd-00155d2d0b17|6,Ingeniero Mosconi 1541,-33.02565,-60.63363,VILLA GOBERNADOR GÁLVEZ (Municipalidad),6,Lunes a Viernes de 07:00 a 13:00 hs.,SF,Villa Gobernador Gálvez,5,VILLA GOBERNADOR GÁLVEZ (Municipalidad),
ab1dc80a-b88d-e711-80de-00155d2d0b17|6,12 de Octubre,-33.75718,-61.97208,VENADO TUERTO (Coordinacion de Transporte),6,Lunes a Viernes de 07:00 a 13:00 hs.,SF,Santa Fe,5,VENADO TUERTO (Coordinacion de Transporte),
01b68dfe-d19e-e711-80de-00155d2d0b17|6,Calle 560 y 521,-38.5548,-58.71626,NECOCHEA (Delegacion Quequén),6,Lunes a Viernes de 07:00 a 14:00 hs.,BA,Necochea - Quequén,5,NECOCHEA (Delegacion Quequén),
70d5e961-bb9f-e711-80de-00155d2d0b17|6,ALMAFUERTE 116,-33.3341,-60.21583,SAN NICOLAS (CEMAC),6,Lunes a Viernes de 07:00 a 13:00 hs.,BA,San Nicolás de los Arroyos,5,SAN NICOLAS (CEMAC),
27674bb2-51af-e711-80de-00155d2d0b17|6,Rivadavia 555,-32.66924,-60.87605,PUEBLO ANDINO (Centro Comunal),6,Lunes a Viernes de 07:00 a 13:00 hs.,SF,Andino,5,PUEBLO ANDINO (Centro Comunal),
e5bb2721-56af-e711-80de-00155d2d0b17|6,Bvd. Cafferata 1038,-32.77188,-60.7862,RICARDONE (Centro Comunal),6,Lunes a Viernes de 08:00 a 16:00 hs.,SF,Ricardone,5,RICARDONE (Centro Comunal),
1d49b4b0-56af-e711-80de-00155d2d0b17|6,Laprida y Ayacucho,-32.80206,-60.72652,CAPITÁN BERMÚDEZ (Centro Integrador Comunitario),6,Lunes a Viernes de 07:00 a 13:00 hs.,SF,Capitán Bermudez,5,CAPITÁN BERMÚDEZ (Centro Integrador Comunitario),
2ffc24ec-56af-e711-80de-00155d2d0b17|6,San Martín 185,-32.87944,-61.02454,SAN JERONIMO SUD (Centro Comunal),6,Lunes a Viernes de 07:00 a 13:00 hs.,SF,San Jerónimo,5,SAN JERONIMO SUD (Centro Comunal),
21909752-5aaf-e711-80de-00155d2d0b17|6,20 de Junio y Av Belgrano,-32.85748,-61.15128,CARCARAÑA (Oficina de Información),6,Lunes a Viernes de 08:00 a 14:00 hs.,SF,Carcarañá,5,CARCARAÑA (Oficina de Información),
3370fa9d-5baf-e711-80de-00155d2d0b17|6,Bv. Ovidio Lagos 2197,-33.04302,-61.16584,CASILDA (Terminal de Ómnibus),6,Lunes a Viernes de 08:00 a 13:00 hs.,SF,Casilda,5,CASILDA (Terminal de Ómnibus),
87e3819e-0db5-e711-80de-00155d2d0b17|6,Bermejo y Eva Perón,-32.85019,-61.1575,CARCARAÑA (Acción Social),6,Lunes a Viernes de 08:00 a 14:00 hs.,SF,Carcarañá,5,CARCARAÑA (Acción Social),
4666833e-c9d5-e711-80de-00155d2d0b17|6,Carlos Calvo 3307,-34.62293,-58.41257,Sede Comunal Nº 5,6,Lunes a Viernes de 09:00 a 15:00 hs.,CF,BOEDO,5,Sede Comunal Nº 5,
cad50c38-f1f9-e711-80de-00155d2d0b17|6,Blvd. San Martín 627,-32.60835,-60.9469,SERODINO (Sede Comunal),6,Lunes a Viernes de 07:00 a 13:00 hs.,SF,Serodino,5,SERODINO (Sede Comunal),
642ed667-f1f9-e711-80de-00155d2d0b17|6,Sarmiento 3385,-33.02119,-60.88149,ZAVALLA (Centro Comunal),6,Lunes a Viernes de 07:00 a13:00 hs.,SF,Zavalla,5,ZAVALLA (Centro Comunal),
63ec0f80-f3f9-e711-80de-00155d2d0b17|6,Presidente Perón 501,-32.79423,-60.72914,BELTRÁN (Desarrollo Social),6,Lunes a Viernes de 07:00 a 14:00 hs.,SF,Beltrán,5,BELTRÁN (Desarrollo Social),
3822e8ab-f3f9-e711-80de-00155d2d0b17|6,Lisandro de la Torre y Simón de Iriondo,-33.01536,-61.04368,PUJATO (Centro Comunal),6,Lunes a Viernes de 07:00 a 12:00 hs.,SF,Pujato,5,PUJATO (Centro Comunal),
37a25441-0bfa-e711-80de-00155d2d0b17|6,24 de Septiembre 1236,-32.84872,-61.25519,CORREA (Oficina de Tránsito),6,Lunes a Viernes de 06:30 a 12:30 hs.,SF,Correa,5,CORREA (Oficina de Tránsito),
2ebefc36-4e00-e811-80de-00155d2d0b17|6,San Martín y Los Plátanos,-32.86486,-60.70114,GRANADERO BAIGORRIA (Delegación Municipal),6,Lunes a Viernes de 07:00 a 13:00 hs.,SF,Granadero Baigorria,5,GRANADERO BAIGORRIA (Delegación Municipal),
31ca0d93-5300-e811-80de-00155d2d0b17|6,Ocampo 920,-32.81911,-61.39516,CAÑADA DE GÓMEZ (Municipalidad),6,Lunes a Viernes de 09:00 a 12:30 hs.,SF,Cañada de Gómez,5,CAÑADA DE GÓMEZ (Municipalidad),
c98af94c-f81b-e811-80de-00155d2d0b17|6,Presbitero J.M.Brentana 571,-38.93668,-67.98795,CIPOLLETTI (Delegación Noreste),6,Lunes a Viernes de 07:30 a 13:00 hs.,RN,Cipolletti,5,CIPOLLETTI (Delegación Noreste),
9dbe1358-b786-e811-80e3-00155d2d0b25|6,Av. Osvaldo Cruz 3600,-34.65638,-58.39949,Portal Inclusivo 21/24,6,Lunes a Viernes de 09:00 a 17:00hs.,BA,CABA,5,Portal Inclusivo 21/24,
4e9e24c5-b786-e811-80e3-00155d2d0b25|6,Av. Perito Moreno y Erezcano,-34.65041,-58.43292,Portal Inclusivo 1-11-14,6,Lunes a Viernes de 09:00 a 17:00hs.,BA,CABA,5,Portal Inclusivo 1-11-14,
e011c372-b886-e811-80e3-00155d2d0b25|6,Av. Varela 1900,-34.65074,-58.44495,Portal Inclusivo Varela,6,Lunes a Viernes de 09:00 a 17:00hs.,BA,CABA,5,Portal Inclusivo Varela,
3d96b01d-bb86-e811-80e3-00155d2d0b25|6,Av. Piedrabuena 3140,-34.67047,-58.49531,Portal Inclusivo Piedrabuena,6,Lunes a Viernes de 09:00 a 17:00hs.,BA,CABA,5,Portal Inclusivo Piedrabuena,
681dd017-bc86-e811-80e3-00155d2d0b25|6,Av. San Juan Bautista de la Salle 2300,-34.655,-58.47263,Portal Inclusivo Cildañez,6,Lunes a Viernes de 09:00 a 17:00hs.,BA,CABA,5,Portal Inclusivo Cildañez,
ed6716ec-ca86-e811-80e3-00155d2d0b25|6,Mariano Acosta 2400,-34.65385,-58.45699,Portal Inclusivo Mariano Acosta,6,Lunes a Viernes de 09:00 a 17:00hs.,BA,CABA,5,Portal Inclusivo Mariano Acosta,
919412ef-cb86-e811-80e3-00155d2d0b25|6,Janer y Asturias,-34.66448,-58.45591,Portal Inclusivo Piletones,6,Lunes a Viernes de 09:00 a 17:00hs.,BA,CABA,5,Portal Inclusivo Piletones,
db466fe5-cc86-e811-80e3-00155d2d0b25|6,Corrales 3400,-34.66535,-58.44366,Portal Inclusivo Villa Soldati,6,Lunes a Viernes de 09:00 a 17:00hs.,BA,CABA,5,Portal Inclusivo Villa Soldati,
6b252019-cf86-e811-80e3-00155d2d0b25|6,Los Robles y pje. Del Palo Santo,-34.68396,-58.48698,Portal Inclusivo INTA,6,Lunes a Viernes de 09:00 a 17:00hs.,BA,CABA,5,Portal Inclusivo INTA,
537ffcc6-ddee-e611-80e0-00155d2d0c05|6,MORTEO 55,-33.34337,-60.22692,SAN NICOLAS (Terminal de Omnibus),6,Lunes a Viernes de 07:00 a 13:00 hs.,BA,San Nicolás de los Arroyos,5,SAN NICOLAS (Terminal de Omnibus),
3b3a00f4-ddee-e611-80e0-00155d2d0c05|6,ERACLIO FERREYRA 308,-33.35024,-60.31388,SAN NICOLAS (La Emilia),6,Lunes a Viernes de 07:00 a 13:00 hs.,BA,SAN NICOLAS DE LOS ARROYOS,5,SAN NICOLAS (La Emilia),
93e8a119-deee-e611-80e0-00155d2d0c05|6,H. YRIGOYEN 3256,-33.40464,-60.23736,SAN NICOLAS (Campos Salles),6,Lunes a Viernes de 07:00 a 13:00 hs.,BA,SAN NICOLAS DE LOS ARROYOS,5,SAN NICOLAS (Campos Salles),
062f1730-deee-e611-80e0-00155d2d0c05|6,Av. JOSE HERNADEZ 539,-33.52394,-60.31686,SAN NICOLAS (Erezcano),6,Lunes a Viernes de 07:00 a 13:00 hs.,BA,SAN NICOLAS DE LOS ARROYOS,5,SAN NICOLAS (Erezcano),
b6047947-deee-e611-80e0-00155d2d0c05|6,RIVADAVIA 845,-33.5981,-60.35861,SAN NICOLAS (Conesa),6,Lunes a Viernes de 07:00 a 13:00 hs.,BA,SAN NICOLAS DE LOS ARROYOS,5,SAN NICOLAS (Conesa),
b6d673e3-810d-e711-80e0-00155d2d0c05|6,Mai e Independencia,-41.1335,-71.31021,BARILOCHE (Centro Cívico),6,Lunes a Viernes de 09:00 a 17:00 hs.,RN,San Carlos de Bariloche,5,BARILOCHE (Centro Cívico),
bf444211-a35a-e711-80e3-00155d2d0d12|6,Calle los Inmigrantes 174 (Hall del Río),-27.43667,-58.9804,CHACO (Domo del Centenario),6,Lunes a Viernes de 08:00 a 12:00 hs.,CH,Resistencia,5,CHACO (Domo del Centenario),
27a0388a-a35a-e711-80e3-00155d2d0d12|6,Comandante Fernández 200, esquina José Hernández,-26.79651,-60.44437,CHACO (Sáenz Peña Ensanche Sur),6,Lunes a Viernes de 06:00 a 11:30 y de 14:30 a 19:00 hs.,CH,SAENZ PEÑA,5,CHACO (Sáenz Peña Ensanche Sur),
6a3ca561-3b66-e711-80e3-00155d2d0d12|6,Av. Laprida 5601,-27.48845,-58.92966,CHACO (Municipio Barranqueras),6,Lunes a Viernes de 07:00 a 12:00 hs.,CH,Barranqueras,5,CHACO (Municipio Barranqueras),
10d21c1d-ef75-e711-80e3-00155d2d0d12|6,Lavalle 750,-34.56543,-59.11122,Centro de Referencia Luján,6,Lunes a Viernes de 08:00 a 16:00 hs.,BA,LUJÁN,5,Centro de Referencia Luján,
a53f0e77-e176-e711-80e3-00155d2d0d12|6,Perito Francisco Moreno 2133,-38.75494,-62.26561,BAHIA BLANCA (Villa Rosas),6,Lunes a Viernes de 08:00 a 20:00 hs. y Sábados de 08:30 a 12:30 hs.,BA,Bahía Blanca,5,BAHIA BLANCA (Villa Rosas),
e34df06f-ee76-e711-80e3-00155d2d0d12|6,Doctor Cherubini 450,-34.61285,-58.95482,Centro de Referencia General Rodriguez,6,Lunes a Viernes de 08:30 a 14:00 hs.,BA,GENERAL RODRIGUEZ,5,Centro de Referencia General Rodriguez,
a08cbf1b-ed8b-e711-80e4-00155d2d0d12|6,Malvinas Argentinas e/Azopardo y Jose Vela,-33.91375,-60.58652,PERGAMINO (Terminal de Ómnibus),6,Lunes a Viernes de 07:00 a 14:00 hs.,BA,Pergamino,5,PERGAMINO (Terminal de Ómnibus),
ce80664e-64a4-e711-80e4-00155d2d0d12|6,Bergantín 25 de mayo esq. José Hernández,-33.35114,-60.23929,SAN NICOLAS (Desarrollo Social),6,Lunes a Viernes de 09:00 a 14:00 hs.,BA,San Nicolás de los Arroyos,5,SAN NICOLAS (Desarrollo Social),
8bac0194-c1a9-e711-80e4-00155d2d0d12|6,Luis Cantilo 1337 e/ 19 y 20,-34.87815,-58.05099,Centro Comunal City Bell,6,Lunes a Viernes de 08:00 a 17:00 hs.,BA,CITY BELL,5,Centro Comunal City Bell,
b146e2f2-c1a9-e711-80e4-00155d2d0d12|6,Calle 528 bis e/ 2 bis y 3,-34.89298,-57.96885,Centro Comunal Tolosa,6,Lunes a Viernes de 08:00 a 17:00 hs.,BA,TOLOSA,5,Centro Comunal Tolosa,
33bec450-c2a9-e711-80e4-00155d2d0d12|6,Centenario e/ 43 y 44,-34.85304,-58.0806,Centro Comunal Villa Elisa,6,Lunes a Viernes de 08:00 a 17:00 hs.,BA,VILLA ELISA,5,Centro Comunal Villa Elisa,
84cd13bb-c2a9-e711-80e4-00155d2d0d12|6,10 y 491 N° 1115,-34.87254,-58.01849,Centro Comunal Villa Castells,6,Lunes a Viernes de 08:00 a 17:00 hs.,BA,MANUEL B GONNET,5,Centro Comunal Villa Castells,
217d1386-c3a9-e711-80e4-00155d2d0d12|6,437 y 135,-34.88702,-58.09727,Centro Comunal El Rincón,6,Lunes a Viernes de 08:00 a 17:00 hs.,BA,El Rincón,5,Centro Comunal El Rincón,
0dec5ac1-c3a9-e711-80e4-00155d2d0d12|6,Calle 481 e/12 y 13,-34.86955,-58.03109,Centro Comunal Savoia,6,Lunes a Viernes de 08:00 a 17:00 hs.,BA,CITY BELL,5,Centro Comunal Savoia,
5ab958e2-c3a9-e711-80e4-00155d2d0d12|6,44 e/ 196 y 197,-34.99477,-58.04778,Centro Comunal Lisandro Olmos,6,Lunes a Viernes de 08:00 a 17:00 hs.,BA,Lisandro Olmos,5,Centro Comunal Lisandro Olmos,
5cfe9861-dfb8-e711-80e4-00155d2d0d12|6,Ruta Provincial 1 Km 12,5,-31.56379,-60.53349,ARROYO LEYES (Centro Comunal),6,Lunes a Viernes de 07:00 a 13:00 hs.,SF,Arroyo Leyes,5,ARROYO LEYES (Centro Comunal),
f7e753e7-dfb8-e711-80e4-00155d2d0d12|6,25 de Mayo 1948,-31.66478,-60.76278,SANTO TOMÉ (Oficina de Defensa al Consumidor),6,Lunes a Viernes de 08:00 a 13:00 hs.,SF,Santo Tomé,5,SANTO TOMÉ (Oficina de Defensa al Consumidor),
89992952-6bbd-e711-80e4-00155d2d0d12|6,Cordoba y Uruguay,-31.77442,-60.83665,SAUCE VIEJO (Centro Integrador Comunitario),6,Lunes a Viernes de 07:00 a 18:00 hs.,SF,Sauce Viejo,5,SAUCE VIEJO (Centro Integrador Comunitario),
e71d43cc-a3cb-e711-80e4-00155d2d0d12|6,Sarandí 1273,-34.62371,-58.39368,Subsede Comunal Nº 3,6,Lunes a Viernes de 09:00 a 15:00 hs.,CF,SAN CRISTÓBAL,5,Subsede Comunal Nº 3,
03b3e80e-a4cb-e711-80e4-00155d2d0d12|6,Av. del Barco Centenera 2906,-34.65028,-58.42471,Sede Comunal Nº 4,6,Lunes a Viernes de 09:00 a 15:00 hs.,CF,NUEVA POMPEYA,5,Sede Comunal Nº 4,
3172fb43-a4cb-e711-80e4-00155d2d0d12|6,Av. Suárez 2032,-34.64168,-58.37871,Subsede Comunal Nº 4,6,Lunes a Viernes de 09:00 a 15:00 hs.,CF,BARRACAS,5,Subsede Comunal Nº 4,
3fd29240-a5cb-e711-80e4-00155d2d0d12|6,Av. Rivadavia 7202,-34.63023,-58.46694,Sede Comunal Nº 7,6,Lunes a Viernes de 09:00 a 15:00 hs.,CF,FLORES,5,Sede Comunal Nº 7,
d2644a76-a5cb-e711-80e4-00155d2d0d12|6,Patricias Argentinas 277,-34.60581,-58.43271,Sede Comunal Nº 6,6,Lunes a Viernes de 09:00 a 15:00 hs.,CF,CABALLITO,5,Sede Comunal Nº 6,
2968f624-56d4-e711-80e4-00155d2d0d12|6,Timoteo Gordillo 2212,-34.65966,-58.50505,Sede Comunal Nº 9,6,Lunes a Viernes de 09:00 a 15.00 hs,CF,MATADEROS,5,Sede Comunal Nº 9,
35e7f1a7-56d4-e711-80e4-00155d2d0d12|6,Av. Directorio 4360,-34.64587,-58.48516,Subsede Comunal Nº 9,6,Lunes a Viernes de 09:00 a 15.00 hs.,CF,PARQUE AVELLANEDA,5,Subsede Comunal Nº 9,
e4e15962-58d4-e711-80e4-00155d2d0d12|6,Av. Cabildo 3067,-34.55366,-58.46363,Sede Comunal Nº 13,6,Lunes a Viernes de 09:00 a 15:00 hs.,CF,BELGRANO,5,Sede Comunal Nº 13,
104c80da-59d4-e711-80e4-00155d2d0d12|6,Av. Beiró 4680,-34.60889,-58.51625,Sede Comunal Nº 11,6,Lunes a Viernes de 09:00 a 15:00 hs.,CF,DEVOTO,5,Sede Comunal Nº 11,
49ad4c39-5ed4-e711-80e4-00155d2d0d12|6,Emilio Mitre 956,-34.63254,-58.44097,Subsede Comunal Nº 7,6,Lunes a Viernes de 09:00 a 15:00 hs.,CF,PARQUE CHACABUCO,5,Subsede Comunal Nº 7,
80b80cc5-0d02-e811-80e4-00155d2d0d12|6,Gral. San Martin 1218,-33.22795,-60.32996,VILLA CONSTITUCIÓN (Municipalidad),6,Lunes a Viernes de 08:00 a 13:00 hs.,SF,Villa Constitución,5,VILLA CONSTITUCIÓN (Municipalidad),
a05952dc-f6d7-e611-80d9-00155d2d0e04|6,Las Heras 2299,-34.74594,-58.4275,Delegación Lomas Oeste,6,Lunes a Viernes de 08:00 a 14:00 hs.,BA,LOMAS DE ZAMORA,5,Delegación Lomas Oeste,
0e24b38b-fed7-e611-80d9-00155d2d0e04|6,Av. Bernardo Ader 4057,-34.52787,-58.54992,Delegación Villa Adelina,6,Lunes a Viernes de 08:00 a 16:00 hs.,BA,VILLA ADELINA,5,Delegación Villa Adelina,
51e378b1-fed7-e611-80d9-00155d2d0e04|6,Velez Sarsfield 4839,-34.5312,-58.52583,Delegación Munro,6,Lunes a Viernes de 08:00 a 16:00 hs.,BA,MUNRO,5,Delegación Munro,
a835d0c9-fed7-e611-80d9-00155d2d0e04|6,Dr. Tomás Anchorena 721,-34.4988,-58.48903,Delegación La Lucila,6,Lunes a Viernes de 08:00 a 16:00 hs.,BA,LA LUCILA,5,Delegación La Lucila,
14d842ef-fed7-e611-80d9-00155d2d0e04|6,Cnel Uzal 3620,-34.5119,-58.51343,Delegación Loma de Roca,6,Lunes a Viernes de 08:00 a 16:00 hs.,BA,OLIVOS,5,Delegación Loma de Roca,
08301d0e-ffd7-e611-80d9-00155d2d0e04|6,Hilario Ascasubi 5702,-34.53086,-58.5367,Delegación Carapachay,6,Lunes a Viernes de 08:00 a 16:00 hs.,BA,CARAPACHAY,5,Delegación Carapachay,
c6161333-ffd7-e611-80d9-00155d2d0e04|6,Maipu 100,-34.5371,-58.4768,Delegación Saavedra,6,Lunes a Viernes de 08:00 a 16:00 hs.,BA,SAAVEDRA,5,Delegación Saavedra,
da28a95d-ffd7-e611-80d9-00155d2d0e04|6,Gdor. Valentín Vergara 2382,-34.53003,-58.49378,Delegación Florida,6,Lunes a Viernes de 08:00 a 16:00 hs.,BA,FLORIDA,5,Delegación Florida,
ea87ff9b-ffd7-e611-80d9-00155d2d0e04|6,San Martin 4106,-34.53927,-58.51509,Delegación Florida Oeste,6,Lunes a Viernes de 08:00 a 16:00 hs.,BA,FLORIDA OESTE,5,Delegación Florida Oeste,
90ab82b4-ffd7-e611-80d9-00155d2d0e04|6,Francisco Narciso de Laprida 3902,-34.5486,-58.50566,Delegación Martelli,6,Lunes a Viernes de 08:00 a 16:00 hs.,BA,VILLA MARTELLI,5,Delegación Martelli,
a52fb51b-8302-e711-80d9-00155d2d0e04|6,Rivadavia 848,-33.3302,-60.21437,SAN NICOLAS (Acción Social),6,Lunes a Viernes de 07:00 a 13:00 hs.,BA,SAN NICOLAS DE LOS ARROYOS,5,SAN NICOLAS (Acción Social),
306a56fa-c225-e711-80da-00155d2d0e04|6,Salta 731,-27.46575,-58.83896,CORRIENTES (Instituto Previsión Social CTES),6,Lunes a Viernes de 08:00 a 12:00 hs. y de 14:00 a 17:00 hs.,CR,Corrientes,5,CORRIENTES (Instituto Previsión Social CTES),
cd0fca7d-c425-e711-80da-00155d2d0e04|6,Ruta nac. 9 interseccion ruta 66,-24.22157,-65.27192,JUJUY (Terminal de Omnibus),6,Lunes a Viernes de 08:00 a 20:00 hs.,JU,San Salvador de Jujuy ,5,JUJUY (Terminal de Omnibus),
83734c27-c625-e711-80da-00155d2d0e04|6,Ruta 3 Km 0,5,-33.31813,-66.32739,SAN LUIS (Emp. de transporte Transpuntano Central),6,Lunes a Viernes de 08:00 a 16:00 hs.,SL,San Luis,5,SAN LUIS (Emp. de transporte Transpuntano Central),
38a4b84b-c625-e711-80da-00155d2d0e04|6,Esteban Adaro y Av Lafinur,-33.2883,-66.34961,SAN LUIS (Dependencia Munic. CGM Jose Hernandez),6,Lunes a Viernes de 08:00 a 16:00 hs.,SL,San Luis,5,SAN LUIS (Dependencia Munic. CGM Jose Hernandez),
65362604-c725-e711-80da-00155d2d0e04|6,Bolivar 672,-33.29693,-66.33432,SAN LUIS (Oficina Municipal),6,Lunes a Viernes de 08:00 a 16:00 hs.,SL,San Luis,5,SAN LUIS (Oficina Municipal),
0be86d75-a235-e711-80da-00155d2d0e04|6,Av. J.M. Guido 1580,-40.82001,-63.00392,VIEDMA (Terminal de Ómnibus),6,Lunes a Viernes de 08:00 a 13:00 hs.,RN,Viedma,5,VIEDMA (Terminal de Ómnibus),
95dbc797-192d-e811-80df-00155d2d0e15|6,Beruti 3325,-34.58729,-58.40942,Sede Comunal Nº 14,6,Lunes a Viernes de 9:00 a 15:00hs.,BA,CABA,5,Sede Comunal Nº 14,
ba10484d-984f-e811-80e1-00155d2d0e15|6,La Rioja y Carriego,-31.40089,-58.01536,CONCORDIA (Dirección de Tránsito),6,Lunes a Viernes de 07:00 a 13:00 hs.,ER,Concordia,5,CONCORDIA (Dirección de Tránsito),
b9a7416c-d859-e811-80e1-00155d2d0e15|6,Calle 107 Nº 297,-35.00833,-59.278,Centro de Referencia Navarro,6,Lunes a Viernes de 08:00 a 16:00 hs.,BA,Navarro,5,Centro de Referencia Navarro,
e78196f8-d859-e811-80e1-00155d2d0e15|6,Las Heras 590 esquina Uruguay,-33.68113,-59.66149,Centro de Referencia San Pedro,6,Lunes a Viernes de 08:00 a 16:00 hs.,BA,San Pedro,5,Centro de Referencia San Pedro,
012403cd-da59-e811-80e1-00155d2d0e15|6,Avenida 13 N° 14,-34.90629,-57.97461,Centro de Referencia La Plata,6,Lunes a Viernes de 08:00 a 16:00 hs.,BA,LA PLATA,5,Centro de Referencia La Plata,
7f584f1a-de59-e811-80e1-00155d2d0e15|6,Humberto 1° Nº 250,-34.62074,-58.36929,Sede Comunal Nº 1,6,Lunes a Viernes de 09:00 a 15:00hs.,BA,CABA,5,Sede Comunal Nº 1,
7c0c0172-2364-e811-80e1-00155d2d0e15|6,Boulevard Silvio Gesell y Avenida Buenos Aires,-37.24447,-56.9727,VILLA GESELL (Dirección de Tránsito),6,Lunes a Sábados de 08:00 a 13:00 hs.,BA,Villa Gesell,5,VILLA GESELL (Dirección de Tránsito),
71b06bd5-4a90-e811-80eb-00155d2d2d15|6,Ruta nac. 9 interseccion ruta 66,-24.22157,-65.27192,JUJUY (BEGU PROVINCIAL),6,Lunes a Viernes de 08:00 a 20:00 hs.,JU,San Salvador de Jujuy ,5,JUJUY (BEGU PROVINCIAL),
28b1eabe-e59b-e811-80eb-00155d2d2d15|6,Calle 16 entre 34 y 35,-36.5359,-56.7135,PARTIDO DE LA COSTA (Dirección de Transporte),6,Lunes a Viernes de 08:00 a 15:00 hs. Sábados de 09:00 a 14:00 hs.,BA,Santa Teresita,5,PARTIDO DE LA COSTA (Dirección de Transporte),
d94cb08b-c2ab-e811-80eb-00155d2d2d15|6,Av. Riestra y Torres y Tenorio,-34.64802,-58.4356,Portal Inclusivo Juan XXIII,6,Lunes a Viernes de 09:00 a 17:00 hs,CF,null,5,Portal Inclusivo Juan XXIII,
a65f7594-6c2c-e811-80e6-00155d2d6b12|6,Antartida Argentina 1556,-34.79748,-58.42383,Delegación Llavallol Sur,6,Lunes a Viernes de 08:00 a 16:00hs.,BA,LLAVALLOL,5,Delegación Llavallol Sur,
0413d2f2-6e2c-e811-80e6-00155d2d6b12|6,Bacacay 3968,-34.63182,-58.48357,Sede Comunal Nº 10,6,Lunes a Viernes de 9:00 a 15:00hs.,BA,CABA,5,Sede Comunal Nº 10,
d8177cb1-702c-e811-80e6-00155d2d6b12|6,Holmberg 2595,-34.56803,-58.47768,Sede Comunal Nº 12,6,Lunes a Viernes de 9:00 a 15:00hs.,BA,CABA,5,Sede Comunal Nº 12,
69cd8435-fe4d-e811-80e6-00155d2d6b12|6,Rivadavia 120,-31.29395,-64.29732,VILLA ALLENDE (Oficina de Empleo),6,Lunes a Viernes de 08:30 a 13:00 hs.,CO,Colón,5,VILLA ALLENDE (Oficina de Empleo),
20f8c594-3f4e-e811-80e6-00155d2d6b12|6,Estanislao Lopez 1133,-34.45637,-58.92223,Subsecretaría de Transporte de Pilar,6,Lunes a Viernes de 08:00 a 20:00 hs.,BA,PILAR,5,Subsecretaría de Transporte de Pilar,
663dbb6f-8a28-e811-80e4-00155d2d6d10|6,Av. 12 de Octubre 1197,-34.73245,-58.27054,Centro de Gestión Quilmes Oeste,6,Lunes a Viernes de 08:00 a 14:0 hs.,BA,QUILMES,5,Centro de Gestión Quilmes Oeste,
ee82eacb-f146-e811-80e4-00155d2d6d10|6,Schachtel 860,-32.99465,-58.52638,GUALEGUAYCHU (CAPS San Isidro),6,Lunes a Viernes de 07:00 a 13:00 hs.,ER,Gualeguaychú,5,GUALEGUAYCHU (CAPS San Isidro),
aa69ab26-f346-e811-80e4-00155d2d6d10|6,Pedro Perigan 2300,-33.00074,-58.51897,GUALEGUAYCHU (CIC Néstor Kirchner),6,Lunes a Viernes de 09:00 a 12:00 hs.,ER,Gualeguaychú,5,GUALEGUAYCHU (CIC Néstor Kirchner),
0619f4f6-f346-e811-80e4-00155d2d6d10|6,Irigoyen 75,-33.00775,-58.52099,GUALEGUAYCHU (Secretaría Poder Popular),6,Lunes a Viernes de 08:00 a 12:00 hs.,ER,Gualeguaychú,5,GUALEGUAYCHU (Secretaría Poder Popular),
307eb74b-f446-e811-80e4-00155d2d6d10|6,Urquiza 1066,-33.00894,-58.51993,GUALEGUAYCHU (Dirección de Tránsito),6,Lunes a Viernes de 08:00 a 16:00 hs.,ER,Gualeguaychú,5,GUALEGUAYCHU (Dirección de Tránsito),
9a825af5-f446-e811-80e4-00155d2d6d10|6,Bolivar y 3 de Febrero,-33.01075,-58.51079,GUALEGUAYCHU (Secretaría de Desarrollo Social),6,Lunes a Viernes de 07:00 a 13:00 hs.,ER,Gualeguaychú,5,GUALEGUAYCHU (Secretaría de Desarrollo Social),
cafdf03c-f546-e811-80e4-00155d2d6d10|6,30 de Noviembre y Primera Junta,-33.01664,-58.469,GUALEGUAYCHU (Dirección de Tránsito de Pueblo Belgrano),6,Lunes a Viernes de 07:00 a 13:00 hs.,ER,Gualeguaychú,5,GUALEGUAYCHU (Dirección de Tránsito de Pueblo Belgrano),
a014ad59-836d-e811-80e5-00155d2d6d10|6,Moreno 8,-31.25134,-61.49186,RAFAELA (Municipalidad),6,Lunes a Viernes de 07:15 a 12:30 hs.,SF,Rafaela,5,RAFAELA (Municipalidad),
4176329b-866d-e811-80e5-00155d2d6d10|6,Tucumán 110,-31.2572,-61.48468,RAFAELA (Parque Malvinas),6,Lunes a Viernes de 07:30 a 12:30 y de 14:30 a 19:30hs.,SF,Rafaela,5,RAFAELA (Parque Malvinas),
4f3599f8-876d-e811-80e5-00155d2d6d10|6,Av. Ernesto Salva 1608,-31.24024,-61.50634,RAFAELA (Terminal de Ómnibus),6,Lunes a Viernes de 06:30 a 20:00 hs. y Sábados de 06:30 a 15:30 hs.,SF,Rafaela,5,RAFAELA (Terminal de Ómnibus),
4e822533-fb93-e811-80e6-00155d2d6d10|6,Av. Lainez 2398,-38.7291,-62.22788,BAHIA BLANCA (Hosp. Interzonal Dr Jose Pena),6,Lunes a Viernes de 08:00 a 15:00 hs.,BA,Bahía Blanca,5,BAHIA BLANCA (Hosp. Interzonal Dr Jose Pena),
b2c031af-fb93-e811-80e6-00155d2d6d10|6,Garibaldi 173,-38.7299,-62.24826,BAHIA BLANCA (Punto Digital),6,Lunes a Viernes de 08:30 a 14:30 hs.,BA,Bahía Blanca,5,BAHIA BLANCA (Punto Digital),
51465a09-53b0-e811-80e6-00155d2d6d10|6,España 54,-31.73274,-60.5312,PARANA (España),6,Lunes a Viernes de 08:00 a 13:30hs,ER,Paraná,5,PARANA (España),
14767566-53b0-e811-80e6-00155d2d6d10|6,Gregoria Matorras de San Martin 861,-31.72132,-60.52354,PARANA (Discapacidad),6,Lunes a Viernes de 08:30 a 13:00hs,ER,Paraná,5,PARANA (Discapacidad),
f8d7a67a-3ebb-e811-80e6-00155d2d6d10|6,Av Alem 1250,-38.70186,-62.27078,BAHÍA BLANCA (UNS),6,Lunes a Viernes de 08:00 a 20:00 hs.,BA,Bahía Blanca,5,BAHÍA BLANCA (UNS),
a33d6bdf-3ebb-e811-80e6-00155d2d6d10|6,San Andres 800,-38.69504,-62.24957,BAHÍA BLANCA (UNS CAMPUS),6,Lunes a Viernes de 08:00 a 20:00 hs.,BA,Bahía Blanca,5,BAHÍA BLANCA (UNS CAMPUS),
7dc1f4b9-e366-e511-80cf-00155dbe2b30|6,Salta 2951,-31.64934,-60.71211,SANTA FE (Palacio Municipal),6,Lunes a Viernes de 08:00 a 14:00 hs.,SF,Santa Fe,5,SANTA FE (Palacio Municipal),
52526db5-e466-e511-80cf-00155dbe2b30|6,Blas Parera 6699 esq. Castelli,-31.6007,-60.72156,SANTA FE (Of. Nueva Castelli),6,Lunes a Viernes de 08:00 a 14:00 hs.,SF,Santa Fe,5,SANTA FE (Of. Nueva Castelli),
b33c604e-e566-e511-80cf-00155dbe2b30|6,Bulevar Galvez 1150,-31.63887,-60.68742,SANTA FE (Distrito Centro),6,Lunes a Viernes de 07:30 a 17:00 hs.,SF,Santa Fe,5,SANTA FE (Distrito Centro),
b84135e2-e566-e511-80cf-00155dbe2b30|6,Teniente Loza 6970,-31.56439,-60.74562,SANTA FE (Distrito Noroeste),6,Lunes a Viernes de 07:30 a 17:00 hs.,SF,Santa Fe,5,SANTA FE (Distrito Noroeste),
35f15006-e666-e511-80cf-00155dbe2b30|6,Blas Parera 5401,-31.61371,-60.71804,SANTA FE (Distrito Oeste),6,Lunes a Viernes de 07:30 a 17:00 hs.,SF,Santa Fe,5,SANTA FE (Distrito Oeste),
13b8cc34-e666-e511-80cf-00155dbe2b30|6,Ruta 1 KM 2,70,-31.62671,-60.60522,SANTA FE (Distrito La Costa),6,Lunes a Viernes de 07:30 a 17:00 hs.,SF,Santa Fe,5,SANTA FE (Distrito La Costa),
fa22f463-e666-e511-80cf-00155dbe2b30|6,Av. Gral. Paz esq. Hernandarias,-31.6109,-60.67833,SANTA FE (Distrito Este),6,Lunes a Viernes de 07:30 a 17:00 hs.,SF,Santa Fe,5,SANTA FE (Distrito Este),
7c9b08b3-e666-e511-80cf-00155dbe2b30|6,Aristóbulo del Valle 9446,-31.58203,-60.68969,SANTA FE (Distrito Noreste),6,Lunes a Viernes de 07:30 a 17:00 hs.,SF,Santa Fe,5,SANTA FE (Distrito Noreste),
6946f0db-e666-e511-80cf-00155dbe2b30|6,Av. Gorriti 3900,-31.58719,-60.70725,SANTA FE (Distrito Norte),6,Lunes a Viernes de 07:30 a 17:00 hs.,SF,Santa Fe,5,SANTA FE (Distrito Norte),
24a0c60a-e766-e511-80cf-00155dbe2b30|6,Gral. López 3685,-31.65473,-60.72408,SANTA FE (Distrito Suroeste),6,Lunes a Viernes de 07:30 a 17:00 hs.,SF,Santa Fe,5,SANTA FE (Distrito Suroeste),
a6c5c8bd-e966-e511-80cf-00155dbe2b30|6,Juan de Garay 2519 - San José del Rincón,-31.60588,-60.56669,SANTA FE (Municipalidad de Rincón),6,Lunes a Viernes de 14:00 a 19:00 hs.,SF,Santa Fe,5,SANTA FE (Municipalidad de Rincón),
6eaba82b-bf87-e511-80d2-00155dbe2b30|6,Sarmiento 500,-33.75426,-61.95817,VENADO TUERTO (Centro de Documentación Rápida),6,Lunes a Viernes de 07:00 a 13:00 hs.,SF,Santa Fe,5,VENADO TUERTO (Centro de Documentación Rápida),
781b835e-bf87-e511-80d2-00155dbe2b30|6,9 de Julio 498,-33.74232,-61.96524,VENADO TUERTO (Instituto Municipal de Previsión Social),6,Lunes a Viernes de 07:00 a 13:00 hs.,SF,Santa Fe,5,VENADO TUERTO (Instituto Municipal de Previsión Social),
d47e08df-d0d4-e511-80d6-00155dbe2b30|6,Antártida Argentina Nº 2381,-38.9472,-68.09223,NEUQUEN (Delegación Municipal Progreso),6,Lunes a Viernes de 07:00 a 13:30 hs.,NQ,Neuquén,5,NEUQUEN (Delegación Municipal Progreso),
76414b35-d1d4-e511-80d6-00155dbe2b30|6,Tte. Juan Solalique Nº 100,-38.95605,-68.10635,NEUQUEN (Terminal Ómnibus Neuquén),6,Lunes a Viernes de 07:00 a 13:30 hs.,NQ,Neuquén,5,NEUQUEN (Terminal Ómnibus Neuquén),
cc78ae6e-430e-e611-80d6-00155dbe2b30|6,Calle 844 esquina 893,-34.77779,-58.30824,Unidad Municipal Solano,6,Lunes a Viernes de 08:00 a 16:00 hs.,BA,SAN FRANCISCO SOLANO,5,Unidad Municipal Solano,
12693d95-430e-e611-80d6-00155dbe2b30|6,Honduras 5259,-34.75168,-58.23622,Unidad Municipal Ezpeleta,6,Lunes a Viernes de 08:00 a 14:00 hs.,BA,EZPELETA,5,Unidad Municipal Ezpeleta,
1bff40ad-430e-e611-80d6-00155dbe2b30|6,Alberdi 500,-34.71415,-58.25549,Municipalidad de Quilmes,6,Lunes a Viernes de 08:00 a 14:00 hs.,BA,QUILMES,5,Municipalidad de Quilmes,
5f00ff11-41e5-e411-80c9-00155dbe4823|7,Nicolás Avellaneda 51,-34.85519,-58.52583,EZEIZA,7,08:00 A 15:00 HS,BA,EZEIZA,5,EZEIZA,
7d5c967d-9e29-e611-80da-00155dbe9b58|6,Carlos Calvo S/N B° Gral. Mosconi,-45.83808,-67.48119,COMODORO RIVADAVIA (Edificio SUPEH),6,Lunes a Viernes de 08:00 a 15:00 hs.,CB,Comodoro Rivadavia,5,COMODORO RIVADAVIA (Edificio SUPEH),
610e67cd-9e29-e611-80da-00155dbe9b58|6,Pellegrini 730,-45.8625,-67.47995,COMODORO RIVADAVIA (Terminal de Colectivos),6,Lunes a Viernes de 08:00 a 15:00 hs.,CB,Comodoro Rivadavia,5,COMODORO RIVADAVIA (Terminal de Colectivos),
e34a7ad2-e933-e611-80da-00155dbe9b58|6,Av. Perito Moreno y Cruz, Manzana 3, Casa 1. Parroquia "Santa María Madre del Pueblo",-34.65006,-58.43381,Centro de Acceso a la Justicia Villa 1.11.14,6,Lunes a Viernes de 10:00 a 16:00 hs.,BA,CABA,5,Centro de Acceso a la Justicia Villa 1.11.14,
1b7ccdea-e933-e611-80da-00155dbe9b58|6,Río Cuarto 3335 Parroquia "Nuestra Señora de Caacupe",-34.65265,-58.39437,Centro de Acceso a la Justicia Villa 21/24,6,Lunes a Viernes de 08:00 a 15:00 hs.,BA,CABA,5,Centro de Acceso a la Justicia Villa 21/24,
1371e044-ea33-e611-80da-00155dbe9b58|6,Av. Mariano Acosta 2333,-34.65373,-58.45755,Centro de Acceso a la Justicia Villa Soldati,6,Lunes a Viernes de 10:00 a 15:00 hs.,BA,CAPITAL FEDERAL,5,Centro de Acceso a la Justicia Villa Soldati,
c23bce12-dd3f-e611-80da-00155dbe9b58|7,Av. Dr. José María Ramos Mejía 1400 (Estación Mitre),-34.59152,-58.37473,RETIRO,7,08:00 a 18:00 HS,CF,null,5,RETIRO,
ff201f01-084d-e611-80da-00155dbe9b58|6,Las Margaritas 1185 esquina Las Rosas,-34.43277,-58.78742,Centro Vecinal 1° de Mayo,6,Lunes a Viernes de 08:00 a 15:00 hs.,BA,MANUEL ALBERTI,5,Centro Vecinal 1° de Mayo,
ca252719-084d-e611-80da-00155dbe9b58|6,Santa Rita 1417,-34.45839,-58.77622,Centro Vecinal Manuel Alberti,6,Lunes a Viernes de 08:00 a 19:00 hs. Sábados de 08:00 a 13:00 hs.,BA,MANUEL ALBERTI,5,Centro Vecinal Manuel Alberti,
c4747744-084d-e611-80da-00155dbe9b58|6,El Hornero 3095,-34.45646,-58.83586,Centro Vecinal La Lonja,6,Lunes a Viernes de 08:00 a 15:00 hs.,BA,La Lonja,5,Centro Vecinal La Lonja,
cbaeb192-084d-e611-80da-00155dbe9b58|6,Checoslovquia 3055 esquina Honduras,-34.42025,-58.7724,Centro Vecinal Lagomarsino,6,Lunes a Viernes de 07:00 a 15:00 hs.,BA,MANUEL ALBERTI,5,Centro Vecinal Lagomarsino,
be1dfbc2-084d-e611-80da-00155dbe9b58|6,Pres. Juan Domingo Perón 962,-34.42401,-58.86764,Centro Vecinal Villa Rosa,6,Lunes a Viernes de 08:00 a 15:00 hs.,BA,VILLA ROSA,5,Centro Vecinal Villa Rosa,
7a5064db-084d-e611-80da-00155dbe9b58|6,Primer Teniente D. Manzotti 129,-34.45104,-59.00541,Centro Vecinal Manzanares,6,Lunes a Viernes de 08:00 a 15:00 hs.,BA,MANZANARES,5,Centro Vecinal Manzanares,
1b6c6571-094d-e611-80da-00155dbe9b58|6,Silvio Gonzalez 900,-34.3728,-58.86956,Centro Vecinal Zelaya,6,Lunes a Viernes de 08:00 a 15:00 hs.,BA,ZELAYA,5,Centro Vecinal Zelaya,
3a7e20de-094d-e611-80da-00155dbe9b58|6,Isla Belgrano 475,-34.43696,-58.99103,Centro Vecinal Fatima,6,Lunes a Viernes de 08:00 a 15:00 hs.,BA,FÁTIMA,5,Centro Vecinal Fatima,
b5c311fc-094d-e611-80da-00155dbe9b58|6,Nazarre 1400,-34.46834,-58.90794,Centro Vecinal Pilar,6,Lunes a Viernes de 08:00 a 15:00 hs. Sábados de 8:00 a 13:00 hs.,BA,PILAR,5,Centro Vecinal Pilar,
c3a85bab-0a4d-e611-80da-00155dbe9b58|6,Rivadavia 660,-34.45885,-58.9132,Municipalidad de Pilar,6,Lunes a Viernes de 08:00 a 15:00 hs.,BA,PILAR,5,Municipalidad de Pilar,
8620a3c3-0a4d-e611-80da-00155dbe9b58|6,Las Piedras 2941,-34.48297,-58.87649,Centro Vecinal Astolfi,6,Lunes a Viernes de 08:00 a 15:00 hs.,BA,VILLA ASTOLFI,5,Centro Vecinal Astolfi,
bc02abd5-0a4d-e611-80da-00155dbe9b58|6,Eva Perón 740,-34.4911,-58.83959,Centro Vecinal Pte. Derqui,6,Lunes a Viernes de 08:00 a 19:00 hs. Sábados de 08:00 a 13:00 hs.,BA,PRESIDENTE DERQUI,5,Centro Vecinal Pte. Derqui,
ece14f62-c154-e611-80da-00155dbe9b58|6,Sarmiento 1067,-34.43897,-58.55938,Centro de Acceso a la Justicia San Fernando,6,Lunes a Viernes de 09:00 a 11:00 hs.,BA,SAN FERNANDO,5,Centro de Acceso a la Justicia San Fernando,
f8f57a17-d554-e611-80da-00155dbe9b58|6,Las Heras 2895,-34.80618,-58.28343,Centro de Acceso a la Justicia Florencio Varela,6,Lunes a Viernes de 08:00 a 10:00 hs.,BA,FLORENCIO VARELA,5,Centro de Acceso a la Justicia Florencio Varela,
35c1a58e-c660-e611-80da-00155dbe9b58|6,Lisandro de la Torre 7015,-34.44894,-58.79693,Centro Vecinal Del Viso,6,Lunes a Viernes de 08:00 a 19:00 hs. Sábados de 08:00 a 13:00 hs.,BA,DEL VISO,5,Centro Vecinal Del Viso,
8771256e-a094-e611-80db-00155dbe9b58|6,Av. Independencia 3299,-38.00896,-57.56327,MAR DEL PLATA (Dirección de Transporte),6,Lunes a Viernes de 08:15 a 14:00 hs.,BA,Mar del Plata,5,MAR DEL PLATA (Dirección de Transporte),
48a665e4-3aac-e611-80fd-00155dbe9b58|6,58 Nº 3018 esq, 61,-38.55526,-58.74024,NECOCHEA (Centro Civico),6,Lunes a Viernes de 08:15 a 13:45 hs.,BA,Necochea,5,NECOCHEA (Centro Civico),
8bdb0076-2ac6-e611-80fd-00155dbe9b58|6,AV. VENEZUELA S/N-  PABELLON Nº  12,-28.4596,-65.7659,CATAMARCA (CAPE),6,Lunes a Viernes de 08:00 a 12:30 hs.,CT,San Fernando del Valle de Catamarca,5,CATAMARCA (CAPE),
9dd938cf-2ac6-e611-80fd-00155dbe9b58|6,AV GUEMES Nº 856,-28.47543,-65.77476,CATAMARCA (Terminal de Ómnibus),6,Lunes a Viernes de 08:00 a 13:00 hs. y de 14:00 a 19:00 hs.,CT,San Fernando del Valle de Catamarca,5,CATAMARCA (Terminal de Ómnibus),
e9286061-e8d1-e611-8105-00155dbe9b58|6,Av. San Martín y Ruta Provincial N°1,-35.67024,-63.74228,GENERAL PICO (Dpto. de Transp. Munic. de Gral. Pico),6,Lunes a Viernes de 08:30 a 14:30 hs.,LP,General Pico,5,GENERAL PICO (Dpto. de Transp. Munic. de Gral. Pico),
f1ca017d-e9d1-e611-8105-00155dbe9b58|6,De La Colina Esq. Capitán Kraus S/N – Alto Comedero,-24.23231,-65.26813,JUJUY (CPV Santa Ana),6,Lunes a Viernes de 08:00 a 20:00 hs.,JU,San Salvador de Jujuy ,5,JUJUY (CPV Santa Ana),
02d9dd7d-3427-e511-80cd-00155dbe9c32|6,Vuelta de Obligado N°50,-38.9555,-68.05818,TREN DEL VALLE (Delegación Neuquén),6,Lunes a Viernes de 06:00 a 21:30 hs. Sábados de 07:30 a 15:30 hs.,NQ,Neuquén,5,TREN DEL VALLE (Delegación Neuquén),
eaa31a83-3527-e511-80cd-00155dbe9c32|6,Fernandez Oro N°451,-38.94135,-67.99633,TREN DEL VALLE (Delegación Cipolletti),6,Lunes a Viernes de 06:00 a 21:30 hs. Sábados de 07:30 a 15:30 hs.,RN,Cipolletti,5,TREN DEL VALLE (Delegación Cipolletti),
65b9380a-2f6c-e411-80c7-00155dbe9d34|7,Comisionado Indart 2574,-34.68125,-58.55784,SAN JUSTO,7,08:00 a 20:00 HS,BA,SAN JUSTO,5,SAN JUSTO,
62af5d59-89df-e411-80c8-00155dbe9d34|6,Av. Anta 400,-34.09752,-59.0368,Terminal de Ómnibus de Zárate,6,Lunes a Viernes de 07:00 a 13:30 hs. Sábados de 08:00 a 12:00 hs.,BA,ZARATE,5,Terminal de Ómnibus de Zárate,
627434ad-89df-e411-80c8-00155dbe9d34|6,Calle 22 Nº 322,-35.00645,-59.2785,Oficina de Rentas Navarro,6,Lunes a Viernes de 07:00 a 13:30 hs.,BA,Navarro,5,Oficina de Rentas Navarro,
b0404eb3-89df-e411-80c8-00155dbe9d34|6,Belgrano 710,-34.3769,-59.82495,Delegación Municipal Carmen de Areco,6,Lunes a Viernes de 08:00 a 14:00 hs.,BA,Carmen de Areco,5,Delegación Municipal Carmen de Areco,
ce1bd4c6-89df-e411-80c8-00155dbe9d34|6,Ramón Melgar 1947,-34.78386,-58.83479,Municipalidad de Marcos Paz,6,Lunes a Viernes de 08:00 a 13:00 hs.,BA,MARCOS PAZ,5,Municipalidad de Marcos Paz,
b33b6dd5-89df-e411-80c8-00155dbe9d34|6,Arturo Coronado 486,-54.81455,-68.3362,USHUAIA (Municipalidad),6,Lunes a Viernes de 09:00 a 14:30 hs.,TF,Ushuaia,5,USHUAIA (Municipalidad),
5bdce1ea-89df-e411-80c8-00155dbe9d34|6,Comodoro Luis Py 168,-53.78767,-67.69382,RÍO GRANDE (Subsecretaria de Gobierno),6,Lunes a Viernes de 09:00 a 16:00 hs.,TF,Río Grande,5,RÍO GRANDE (Subsecretaria de Gobierno),
feb86c07-4153-e511-80d0-00155dbe9d44|6,Av. Libertador y Av. España Sur,-31.53514,-68.53784,SAN JUAN (Centro Cívico),6,Lunes a Viernes de 07:30 a 12:30 hs.,SJ,San Juan,5,SAN JUAN (Centro Cívico),
57ba137d-0b69-e511-80d0-00155dbe9d44|6,Rivadavia 510,-26.17933,-58.16727,FORMOSA (Municipalidad de Formosa),6,Lunes a Viernes de 07:00 a 13:00 hs. y de 17:00 a 20:00 hs.,FO,Formosa,5,FORMOSA (Municipalidad de Formosa),
26640c89-8a0c-e611-80d5-00155dbe9d44|6,Sarmiento 380,-34.89162,-58.38803,Delegación Glew,6,Lunes a Viernes de 08:00 a 15:00 hs.,BA,GLEW,5,Delegación Glew,
c9d202ba-8a0c-e611-80d5-00155dbe9d44|6,Salta 1951,-34.77767,-58.34879,Delegación San José,6,Lunes a Viernes de 08:00 a 14:00 hs.,BA,San Jose,5,Delegación San José,
cd275ced-8a0c-e611-80d5-00155dbe9d44|6,Gral. Guemes y Pte. Peron,-34.79788,-58.35812,Delegación Rafael Calzada,6,Lunes a Viernes de 08:00 a 16:00 hs.,BA,RAFAEL CALZADA,5,Delegación Rafael Calzada,
4a9f7650-8b0c-e611-80d5-00155dbe9d44|6,Enrique Policastro 2389,-34.82036,-58.42665,Delegación Malvinas,6,Lunes a Viernes de 08:00 a 16:00 hs.,BA,MALVINAS ARGENTINAS,5,Delegación Malvinas,
53c68020-8c0c-e611-80d5-00155dbe9d44|6,Bynon 3100,-34.78569,-58.36744,Delegación José Mármol,6,Lunes a Viernes de 08:00 a 16:00 hs.,BA,JOSE MARMOL,5,Delegación José Mármol,
86497e44-8c0c-e611-80d5-00155dbe9d44|6,25 de Mayo Esquina Quiroga,-34.84301,-58.37261,Delegación Ministro Rivadavia,6,Lunes a Viernes de 08:00 a 15:30 hs.,BA,MINISTRO RIVADAVIA,5,Delegación Ministro Rivadavia,
4c9fe87e-8c0c-e611-80d5-00155dbe9d44|6,Av. Juan Domingo Peron 439,-34.78876,-58.31319,Delegación Solano,6,Lunes a Viernes de 08:00 a 16:00 hs. Sábados de 08:00 a 14:00 hs.,BA,SAN FRANCISCO SOLANO,5,Delegación Solano,
00f055a6-8c0c-e611-80d5-00155dbe9d44|6,Francisco Bollini 160,-34.79752,-58.33676,Delegación Claypole,6,Lunes a Viernes de 08:00 a 15:00 hs.,BA,CLAYPOLE,5,Delegación Claypole,
d7574acd-8c0c-e611-80d5-00155dbe9d44|6,Erezcano 1252,-34.7995,-58.37749,Desarrollo Social de Almirante Brown,6,Lunes a Viernes de 08:00 a 14:00 hs.,BA,ADROGUE,5,Desarrollo Social de Almirante Brown,
b2791d13-d912-e611-80d5-00155dbe9d44|6,Av. Chiesa 850,-34.86003,-58.38678,Delegación Longchamps,6,Lunes a Viernes de 08:00 a 14:00 hs.,BA,LONGCHAMPS,5,Delegación Longchamps,
ab308f02-e512-e611-80d5-00155dbe9d44|6,Alsina 562,-34.7428,-58.39302,Delegación Banfield Este,6,Lunes a Viernes de 08:00 a 17:00 hs.,BA,BANFIELD,5,Delegación Banfield Este,
a632db23-e512-e611-80d5-00155dbe9d44|6,Yrigoyen 7819,-34.74637,-58.3997,Delegación Banfield Oeste,6,Lunes a Viernes de 08:00 a 17:00 hs.,BA,BANFIELD,5,Delegación Banfield Oeste,
0453d445-e512-e611-80d5-00155dbe9d44|6,Luzuriaga 308,-34.79317,-58.43166,Delegación Llavallol Norte,6,Lunes a Viernes de 08:00 a 16:00 hs.,BA,LLAVALLOL,5,Delegación Llavallol Norte,
85aa9c66-e512-e611-80d5-00155dbe9d44|6,Eva Perón 2946,-34.76161,-58.36194,Delegación San José Oeste,6,Lunes a Viernes de 08:00 a 12:00 hs.,BA,San Jose,5,Delegación San José Oeste,
75932c8b-e512-e611-80d5-00155dbe9d44|6,Caaguazu 670,-34.74789,-58.34453,Delegación San José Este,6,Lunes a Viernes de 08:00 a 16:00 hs.,BA,San Jose,5,Delegación San José Este,
12f280ad-e512-e611-80d5-00155dbe9d44|6,Eva Peron 1732,-34.76804,-58.37476,Delegación Temperley Este,6,Lunes a Viernes de 08:00 a 16:00 hs.,BA,TEMPERLEY,5,Delegación Temperley Este,
26e9cdf0-e512-e611-80d5-00155dbe9d44|6,Alsina 1970,-34.75968,-58.39603,Delegación Lomas Este,6,Lunes a Viernes de 08:00 a 16:00 hs.,BA,LOMAS DE ZAMORA,5,Delegación Lomas Este,
f8e6a112-e612-e611-80d5-00155dbe9d44|6,Avenida General Martín Rodríguez 430,-34.72956,-58.42281,Delegación Villa Centenario,6,Lunes a Viernes de 08:00 a 18:00 hs. Sábado de 08:00 a 13:00 hs.,BA,VILLA CENTENARIO,5,Delegación Villa Centenario,
3dfba230-e612-e611-80d5-00155dbe9d44|6,Newton 4171,-34.73094,-58.47377,Delegación Villa Lamadrid,6,Lunes a Viernes de 08:00 a 16:00 hs.,BA,INGENIERO BUDGE,5,Delegación Villa Lamadrid,
53448d53-e612-e611-80d5-00155dbe9d44|6,Voltaire 1552,-34.75091,-58.4492,Delegación Santa Marta,6,Lunes a Viernes de 09:00 a 16:00 hs.,BA,Santa Marta,5,Delegación Santa Marta,
a5e87573-e612-e611-80d5-00155dbe9d44|6,Diagonal 61 e/ Roca y Santa Fe,-34.7455,-58.48007,Delegación Santa Catalina,6,Lunes a Viernes de 08:00 a 18:00 hs. Sábados de 9:00 a 13:00 hs.,BA,Santa Catalina,5,Delegación Santa Catalina,
aa177c92-e612-e611-80d5-00155dbe9d44|6,Campana y Larrazabal,-34.70406,-58.43945,Delegación Fiorito,6,Lunes a Viernes de 09:00 a 16:00 hs.,BA,VILLA FIORITO,5,Delegación Fiorito,
23d6e3ac-e612-e611-80d5-00155dbe9d44|6,Campana y Guamini,-34.71408,-58.45685,Delegación Ingeniero Budge,6,Lunes a Viernes de 08:00 a 16:00 hs.,BA,INGENIERO BUDGE,5,Delegación Ingeniero Budge,
41585b24-e712-e611-80d5-00155dbe9d44|6,Bayona 70,-34.73898,-58.45725,Delegación Villa Albertina,6,Lunes a Viernes de 08:00 a 16:00 hs.,BA,VILLA ALBERTINA,5,Delegación Villa Albertina,
cbd4544a-e712-e611-80d5-00155dbe9d44|6,Av. Hipolito Yrigoyen 11530,-34.79133,-58.40901,Delegacion Turdera,6,Lunes a Viernes de 08:00 a 16:00 hs. Sábados de 08:00 a 12:00 hs.,BA,TURDERA,5,Delegacion Turdera,
259a3bba-e712-e611-80d5-00155dbe9d44|6,Frias 1115,-34.77082,-58.4236,Secretaría Desarrollo Social de Lomas de Zamora,6,Lunes a Viernes de 08:00 a 17:00 hs.,BA,LAVALLOL,5,Secretaría Desarrollo Social de Lomas de Zamora,
2b3a3364-4994-e511-80d4-00155dbea042|6,25 de Mayo 1132,-27.46424,-58.83606,CORRIENTES (Palacio Municipal),6,Lunes a Viernes de 07:00 a 13:00 hs.,CR,Corrientes,5,CORRIENTES (Palacio Municipal),
5cdb8cad-661c-e611-80da-00155dbea050|6,Montevideo Esquina 15,-34.8713,-57.8782,Secretaria de Hacienda Berisso,6,Lunes a Viernes de 08:00 a 13:30 hs.,BA,BERISSO,5,Secretaria de Hacienda Berisso,
6e029afc-fe49-e611-80da-00155dbea050|6,El Exodo N°. 215,-24.19651,-65.29408,JUJUY (Municipalidad de San Salvador de Jujuy),6,Lunes a Viernes de 07:00 a 13:00 hs. y de 14:00 a 18:00 hs.,JU,San Salvador de Jujuy ,5,JUJUY (Municipalidad de San Salvador de Jujuy),
5d9750e6-b14e-e611-80da-00155dbea050|6,Calle 23 N° 385,-34.65384,-59.43004,Defensa del Consumidor Mercedes,6,Lunes a Viernes de 08:00 a 14:00 hs.,BA,MERCEDES,5,Defensa del Consumidor Mercedes,
5d688b6e-de57-e611-80da-00155dbea050|6,Presidente Peron e Independencia,-34.86009,-57.91161,Centro de Acceso a la Justicia Ensenada,6,Lunes a Viernes de 08:00 a 14:00 hs.,BA,ENSENADA,5,Centro de Acceso a la Justicia Ensenada,
c90cc661-6673-e611-80da-00155dbea050|6,Av. Forestal Esq. Mina 9 de Octubre - Barrio Alto Comedero,-24.24423,-65.25895,JUJUY (Comedero),6,Lunes a Viernes de 08:00 a 12:00 hs. y de 14:00 a 18:00 hs.,JU,San Salvador de Jujuy ,5,JUJUY (Comedero),
42245cd5-6673-e611-80da-00155dbea050|6,Jorge Cafrune 1561 - Villa Jardin de Reyes,-24.16241,-65.37989,JUJUY (Delegación de Reyes),6,Lunes a Viernes de 08:30 a 12:30 hs y de 14:00 a 18:00 hs,JU,San Salvador de Jujuy ,5,JUJUY (Delegación de Reyes),
cda0c539-6773-e611-80da-00155dbea050|6,9 de Julio 4600 - Barrio 12 de Octubre,-24.19345,-65.28639,JUJUY (CPV 12 de Octubre),6,Lunes a Viernes de 08:30 a 12:30 hs. y de 13:00 a 19:00 hs.,JU,San Salvador de Jujuy ,5,JUJUY (CPV 12 de Octubre),
66402e62-6773-e611-80da-00155dbea050|6,Almirante Brown Esq. Oscar Orias - Barrios 12 de Octubre,-24.19463,-65.2894,JUJUY (Dirección de Asistencia Directa),6,Lunes a Viernes de 08:00 a 12:00 hs.,JU,San Salvador de Jujuy ,5,JUJUY (Dirección de Asistencia Directa),
d42c9f89-6773-e611-80da-00155dbea050|6,Alberro esq. Mármol – Barrio Alberdi,-24.20319,-65.27082,JUJUY (CIC Alberdi),6,Lunes a Viernes de 08:00 a 13:00 hs. y 14:00 hs. a 19:00 hs.,JU,San Salvador de Jujuy ,5,JUJUY (CIC Alberdi),
3c2a7bb6-6773-e611-80da-00155dbea050|6,Otero 410 - Barrio Centro,-24.1839,-65.30164,JUJUY (Dirección General de Rentas),6,Lunes a Viernes de 08:00 a 12:00 hs. y de 14:00 a 18:00 hs.,JU,San Salvador de Jujuy ,5,JUJUY (Dirección General de Rentas),
a3bd57ea-6773-e611-80da-00155dbea050|6,Av. España 1555-1585 - Barrio Centro,-24.18428,-65.31424,JUJUY (Begu),6,Lunes a Viernes de 08:00 a 20:00 hs.,JU,San Salvador de Jujuy ,5,JUJUY (Begu),
5f4501fb-9b73-e611-80da-00155dbea050|6,J. R. Aldao 900,-31.49186,-60.73536,SANTA FE (Of. Atención al Ciudadano),6,Lunes a Viernes de 07:00 a 13:00 hs.,SF,Recreo,5,SANTA FE (Of. Atención al Ciudadano),
cfbf27dd-3c75-e611-80da-00155dbea050|6,Av. Pringles 3190,-36.89524,-60.31422,OLAVARRIA (Terminal de Ómnibus),6,Lunes a Viernes de 07:30 a 14:00 hs.,BA,Olavarría,5,OLAVARRIA (Terminal de Ómnibus),
47695fc1-f475-e611-80da-00155dbea050|6,AV. LURO ESQUINA SALTA,-37.99499,-57.55338,MAR DEL PLATA (Paseo Comercial Luro),6,Lunes a Sábados de 08:00 a 21:30 hs. y Domingos de 09:00 a 13:00 hs.,BA,Mar del Plata,5,MAR DEL PLATA (Paseo Comercial Luro),
908c1f77-2d80-e611-80da-00155dbea050|6,AV. ARGENTINA Y ROCA,-38.95187,-68.05939,NEUQUEN (Palacio Municipal),6,Lunes a Viernes de 07:00 a 13:30 hs.,NQ,Neuquén,5,NEUQUEN (Palacio Municipal),
5a032997-1f84-e611-80db-00155dbea050|7,Av. Brasil 1128,-34.6282,-58.38038,CONSTITUCION (Estación de Tren - Subsuelo),7,08:00 a 18:00 HS.,CF,Constitución,5,CONSTITUCION (Estación de Tren - Subsuelo),
3bc5c77d-219a-e611-80db-00155dbea050|6,Donado 151,-38.72162,-62.26658,BAHIA BLANCA (Mercado Municipal),6,Lunes a Viernes de 08:30 a 13:00 hs. y de 17:00 a 21:00 hs.,BA,Bahía Blanca,5,BAHIA BLANCA (Mercado Municipal),
ab39bbbf-219a-e611-80db-00155dbea050|6,Colon y Drago,-38.71896,-62.2675,BAHIA BLANCA (Peatonal Drago),6,Lunes a Viernes de 08:00 a 20:00 hs.,BA,Bahía Blanca,5,BAHIA BLANCA (Peatonal Drago),
05f9cf11-229a-e611-80db-00155dbea050|6,Juan Jose Paso 405,-38.72075,-62.39448,BAHIA BLANCA (Punto Digital Cerri),6,Lunes a Viernes de 08:00 a 14:00 hs.,BA,General Daniel Cerri (Est. General Cerri),5,BAHIA BLANCA (Punto Digital Cerri),
eee0f460-229a-e611-80db-00155dbea050|6,Chiclana 375,-38.72129,-62.26226,BAHIA BLANCA (SAPEM),6,Lunes a Viernes de 07:00 a 14:00 hs. y Sábados de 08:00 a 12:00 hs.,BA,Bahía Blanca,5,BAHIA BLANCA (SAPEM),
a02d5fb5-759f-e611-80db-00155dbea050|6,Avda. Luro y Corrientes,-36.61989,-64.28142,SANTA ROSA (Terminal de Omnibus),6,Lunes a Viernes de 08:00 a 13:00 hs.,LP,Santa Rosa,5,SANTA ROSA (Terminal de Omnibus),
323df07b-a0ad-e611-80f4-00155dbea050|6,Av. Rio de la Plata 383,-24.25786,-65.21276,PALPALÁ (Centro Cívico),6,Lunes a Viernes de 08:00 a 13:00 hs.,JU,Palpalá,5,PALPALÁ (Centro Cívico),
8a1244bf-a1ad-e611-80f4-00155dbea050|6,Av. La Quiaca esq. León,-24.26234,-65.22678,PALPALÁ (CIC San José),6,Lunes a Viernes de 08:00 a 13:00 hs. y de 16:00 a 20:00 hs.,JU,Palpalá,5,PALPALÁ (CIC San José),
78d20239-a290-e111-82a3-02bfac1dbe6f|7,Mariano Moreno 4805,-34.60789,-58.56411,CASEROS,7,08:00 A 20:00 HS,BA,CASEROS,5,CASEROS,
82d20239-a290-e111-82a3-02bfac1dbe6f|7,Sucre 2430,-34.56411,-58.45532,BELGRANO,7,08:00 A 20:00 HS,CF,BELGRANO,5,BELGRANO,
8cc3506d-d1b3-e111-894d-02bfac1dbe6f|7,Av. Ricardo Balbín 1349,-34.54331,-58.71312,SAN MIGUEL,7,08:00 a 14:00 HS,BA,SAN MIGUEL (CABECERA PDO.),5,SAN MIGUEL,
8bb8bf21-92ca-e111-894d-02bfac1dbe6f|7,Roca 1198, esquina 9 de Julio,-34.82185,-58.39216,BURZACO (Delegación Municipal),7,08:00 a 15:30 HS,BA,BURZACO,5,BURZACO (Delegación Municipal),
dbcff791-66df-e311-b1f9-02bfac1dbe6f|7,Moreno 3897,-34.57936,-58.53732,SAN MARTÍN,7,08:00 a 20:00 HS,BA,SAN MARTIN,5,SAN MARTÍN,
3ac6ad24-8844-e211-b463-02bfac1dbe6f|7,Av. Callao 316,-34.60542,-58.39231,CONGRESO,7,08:00 a 20:00 HS,CF,Congreso,5,CONGRESO,
aab94953-f3a8-e111-b6ea-02bfac1dbe6f|7,España 11 E/ Av. Bartolome Mitre y Av. Alcorta (Estacion de Transbordo),-34.64973,-58.79037,MORENO,7,08:00 a 20:00 HS,BA,MORENO (CABECERA PDO.),5,MORENO,
955330fa-b2aa-e111-b6ea-02bfac1dbe6f|7,Independencia 84,-34.64756,-58.61858,MORON,7,08:00 A 15:00 HS,BA,MORÓN,5,MORON,
7f5363e3-f6b6-e111-b6ea-02bfac1dbe6f|7,Hipolito Yrigoyen 3863,-34.70001,-58.39245,LANUS,7,8:00 a 15:30,BA,LANUS,5,LANUS,
573360c0-fdcc-e111-b6ea-02bfac1dbe6f|7,Presbítero Villalonga 848,-34.65914,-58.66673,ITUZAINGO (Hall Palacio Municipal),7,08:00 a 15:00 HS,BA,ITUZAINGÓ CENTRO,5,ITUZAINGO (Hall Palacio Municipal),
6abfbc32-b4e8-e111-b6ea-02bfac1dbe6f|7,Juan Manuel de Rosas 17798 - Ruta 3 - Km 32,5,-34.7909,-58.63,GONZALEZ CATAN (Delegación Municipal),7,08:00 A 15:00 HS,BA,GONZÁLEZ CATÁN,5,GONZALEZ CATAN (Delegación Municipal),
0f1d960c-9eec-e111-b6ea-02bfac1dbe6f|7,Avellaneda 126 esq. Meeks,-34.77483,-58.39806,TEMPERLEY (Delegación Municipal),7,08:00 a 15:30 HS,BA,TEMPERLEY,5,TEMPERLEY (Delegación Municipal),
7008ed97-8a94-e111-bd06-02bfac1dbe6f|7,Santiago del Estero 350,-34.45509,-58.63498,GENERAL PACHECO (Delegación Municipal),7,08:00 A 15:00 HS,BA,PACHECO,5,GENERAL PACHECO (Delegación Municipal),
39aa9178-f9a0-e111-bd06-02bfac1dbe6f|7,Plaza Italia 109,-34.91154,-57.95569,LA PLATA,7,08:00 a 18:00 HS,BA,LA PLATA,5,LA PLATA,
